{"/*":["X-Frame-Options: DENY","X-XSS-Protection: 1; mode=block","X-Content-Type-Options: nosniff","Referrer-Policy: same-origin"],"/component---src-pages-404-jsx-154aa16957e32629d294.js":["Cache-Control: public, max-age=31536000, immutable"],"/b637e9a5-3798b58d069e386aac9e.js":["Cache-Control: public, max-age=31536000, immutable"],"/faf52deb5400872283f884f7c4206aa595e3877f-0a1c636c3b1bbc0da47e.js":["Cache-Control: public, max-age=31536000, immutable"],"/6a9ce8aa35e84d2a3b00bc323d0128b18d318cd5-43932175ba0a05d918e4.js":["Cache-Control: public, max-age=31536000, immutable"],"/c961a933179da963e6479ea115386b4d1d1fa440-486e9d847d1f9308be36.js":["Cache-Control: public, max-age=31536000, immutable"],"/component---src-pages-apply-jsx-67c643f9d2459aef8de9.js":["Cache-Control: public, max-age=31536000, immutable"],"/component---src-pages-contact-jsx-8ac8ce36851b79161243.js":["Cache-Control: public, max-age=31536000, immutable"],"/component---src-pages-index-jsx-b9e2ad56d6f89dc4afbd.js":["Cache-Control: public, max-age=31536000, immutable"],"/styles.fb36a53f6ae5ca339a13.css":["Cache-Control: public, max-age=31536000, immutable"],"/component---src-pages-networks-jsx-52a084c5cfd5810463b8.js":["Cache-Control: public, max-age=31536000, immutable"],"/component---src-pages-pyramids-jsx-55a23d9684c14ef9573d.js":["Cache-Control: public, max-age=31536000, immutable"],"/component---src-pages-story-jsx-2d594c295c810e03f1e8.js":["Cache-Control: public, max-age=31536000, immutable"],"/webpack-runtime-0f258ad5c0852fc13824.js":["Cache-Control: public, max-age=31536000, immutable"],"/framework-55f9575659d8fd7d60a0.js":["Cache-Control: public, max-age=31536000, immutable"],"/94726e6d-fd30c491635ba44d9422.js":["Cache-Control: public, max-age=31536000, immutable"],"/app-5ab99559ff3e46c7c0c4.js":["Cache-Control: public, max-age=31536000, immutable"],"/static/*":["Cache-Control: public, max-age=31536000, immutable"],"/sw.js":["Cache-Control: public, max-age=0, must-revalidate"],"/404/":["Link: </webpack-runtime-0f258ad5c0852fc13824.js>; rel=preload; as=script; nopush","Link: </framework-55f9575659d8fd7d60a0.js>; rel=preload; as=script; nopush","Link: </94726e6d-fd30c491635ba44d9422.js>; rel=preload; as=script; nopush","Link: </app-5ab99559ff3e46c7c0c4.js>; rel=preload; as=script; nopush","Link: </component---src-pages-404-jsx-154aa16957e32629d294.js>; rel=preload; as=script; nopush","Link: </page-data/app-data.json>; rel=preload; as=fetch; crossorigin; nopush","Link: </page-data/404/page-data.json>; rel=preload; as=fetch; crossorigin; nopush"],"/404.html":["Link: </webpack-runtime-0f258ad5c0852fc13824.js>; rel=preload; as=script; nopush","Link: </framework-55f9575659d8fd7d60a0.js>; rel=preload; as=script; nopush","Link: </94726e6d-fd30c491635ba44d9422.js>; rel=preload; as=script; nopush","Link: </app-5ab99559ff3e46c7c0c4.js>; rel=preload; as=script; nopush","Link: </component---src-pages-404-jsx-154aa16957e32629d294.js>; rel=preload; as=script; nopush","Link: </page-data/app-data.json>; rel=preload; as=fetch; crossorigin; nopush","Link: </page-data/404.html/page-data.json>; rel=preload; as=fetch; crossorigin; nopush"],"/apply/":["Link: </webpack-runtime-0f258ad5c0852fc13824.js>; rel=preload; as=script; nopush","Link: </framework-55f9575659d8fd7d60a0.js>; rel=preload; as=script; nopush","Link: </94726e6d-fd30c491635ba44d9422.js>; rel=preload; as=script; nopush","Link: </app-5ab99559ff3e46c7c0c4.js>; rel=preload; as=script; nopush","Link: </b637e9a5-3798b58d069e386aac9e.js>; rel=preload; as=script; nopush","Link: </faf52deb5400872283f884f7c4206aa595e3877f-0a1c636c3b1bbc0da47e.js>; rel=preload; as=script; nopush","Link: </6a9ce8aa35e84d2a3b00bc323d0128b18d318cd5-43932175ba0a05d918e4.js>; rel=preload; as=script; nopush","Link: </c961a933179da963e6479ea115386b4d1d1fa440-486e9d847d1f9308be36.js>; rel=preload; as=script; nopush","Link: </component---src-pages-apply-jsx-67c643f9d2459aef8de9.js>; rel=preload; as=script; nopush","Link: </page-data/app-data.json>; rel=preload; as=fetch; crossorigin; nopush","Link: </page-data/apply/page-data.json>; rel=preload; as=fetch; crossorigin; nopush"],"/contact/":["Link: </webpack-runtime-0f258ad5c0852fc13824.js>; rel=preload; as=script; nopush","Link: </framework-55f9575659d8fd7d60a0.js>; rel=preload; as=script; nopush","Link: </94726e6d-fd30c491635ba44d9422.js>; rel=preload; as=script; nopush","Link: </app-5ab99559ff3e46c7c0c4.js>; rel=preload; as=script; nopush","Link: </b637e9a5-3798b58d069e386aac9e.js>; rel=preload; as=script; nopush","Link: </faf52deb5400872283f884f7c4206aa595e3877f-0a1c636c3b1bbc0da47e.js>; rel=preload; as=script; nopush","Link: </c961a933179da963e6479ea115386b4d1d1fa440-486e9d847d1f9308be36.js>; rel=preload; as=script; nopush","Link: </component---src-pages-contact-jsx-8ac8ce36851b79161243.js>; rel=preload; as=script; nopush","Link: </page-data/app-data.json>; rel=preload; as=fetch; crossorigin; nopush","Link: </page-data/contact/page-data.json>; rel=preload; as=fetch; crossorigin; nopush"],"/":["Link: </webpack-runtime-0f258ad5c0852fc13824.js>; rel=preload; as=script; nopush","Link: </framework-55f9575659d8fd7d60a0.js>; rel=preload; as=script; nopush","Link: </94726e6d-fd30c491635ba44d9422.js>; rel=preload; as=script; nopush","Link: </app-5ab99559ff3e46c7c0c4.js>; rel=preload; as=script; nopush","Link: </faf52deb5400872283f884f7c4206aa595e3877f-0a1c636c3b1bbc0da47e.js>; rel=preload; as=script; nopush","Link: </component---src-pages-index-jsx-b9e2ad56d6f89dc4afbd.js>; rel=preload; as=script; nopush","Link: </page-data/app-data.json>; rel=preload; as=fetch; crossorigin; nopush","Link: </page-data/index/page-data.json>; rel=preload; as=fetch; crossorigin; nopush"],"/networks/":["Link: </webpack-runtime-0f258ad5c0852fc13824.js>; rel=preload; as=script; nopush","Link: </framework-55f9575659d8fd7d60a0.js>; rel=preload; as=script; nopush","Link: </94726e6d-fd30c491635ba44d9422.js>; rel=preload; as=script; nopush","Link: </app-5ab99559ff3e46c7c0c4.js>; rel=preload; as=script; nopush","Link: </faf52deb5400872283f884f7c4206aa595e3877f-0a1c636c3b1bbc0da47e.js>; rel=preload; as=script; nopush","Link: </6a9ce8aa35e84d2a3b00bc323d0128b18d318cd5-43932175ba0a05d918e4.js>; rel=preload; as=script; nopush","Link: </component---src-pages-networks-jsx-52a084c5cfd5810463b8.js>; rel=preload; as=script; nopush","Link: </page-data/app-data.json>; rel=preload; as=fetch; crossorigin; nopush","Link: </page-data/networks/page-data.json>; rel=preload; as=fetch; crossorigin; nopush"],"/pyramids/":["Link: </webpack-runtime-0f258ad5c0852fc13824.js>; rel=preload; as=script; nopush","Link: </framework-55f9575659d8fd7d60a0.js>; rel=preload; as=script; nopush","Link: </94726e6d-fd30c491635ba44d9422.js>; rel=preload; as=script; nopush","Link: </app-5ab99559ff3e46c7c0c4.js>; rel=preload; as=script; nopush","Link: </faf52deb5400872283f884f7c4206aa595e3877f-0a1c636c3b1bbc0da47e.js>; rel=preload; as=script; nopush","Link: </component---src-pages-pyramids-jsx-55a23d9684c14ef9573d.js>; rel=preload; as=script; nopush","Link: </page-data/app-data.json>; rel=preload; as=fetch; crossorigin; nopush","Link: </page-data/pyramids/page-data.json>; rel=preload; as=fetch; crossorigin; nopush"],"/story/":["Link: </webpack-runtime-0f258ad5c0852fc13824.js>; rel=preload; as=script; nopush","Link: </framework-55f9575659d8fd7d60a0.js>; rel=preload; as=script; nopush","Link: </94726e6d-fd30c491635ba44d9422.js>; rel=preload; as=script; nopush","Link: </app-5ab99559ff3e46c7c0c4.js>; rel=preload; as=script; nopush","Link: </faf52deb5400872283f884f7c4206aa595e3877f-0a1c636c3b1bbc0da47e.js>; rel=preload; as=script; nopush","Link: </component---src-pages-story-jsx-2d594c295c810e03f1e8.js>; rel=preload; as=script; nopush","Link: </page-data/app-data.json>; rel=preload; as=fetch; crossorigin; nopush","Link: </page-data/story/page-data.json>; rel=preload; as=fetch; crossorigin; nopush"]}