{"app":["/app-5ab99559ff3e46c7c0c4.js"],"component---src-pages-404-jsx":["/component---src-pages-404-jsx-154aa16957e32629d294.js"],"component---src-pages-apply-jsx":["/component---src-pages-apply-jsx-67c643f9d2459aef8de9.js"],"component---src-pages-contact-jsx":["/component---src-pages-contact-jsx-8ac8ce36851b79161243.js"],"component---src-pages-index-jsx":["/component---src-pages-index-jsx-b9e2ad56d6f89dc4afbd.js"],"component---src-pages-networks-jsx":["/component---src-pages-networks-jsx-52a084c5cfd5810463b8.js"],"component---src-pages-pyramids-jsx":["/component---src-pages-pyramids-jsx-55a23d9684c14ef9573d.js"],"component---src-pages-story-jsx":["/component---src-pages-story-jsx-2d594c295c810e03f1e8.js"]}