{"namedChunkGroups":{"app":{"name":"app","assets":[{"name":"webpack-runtime-0f258ad5c0852fc13824.js","size":4488},{"name":"styles.fb36a53f6ae5ca339a13.css","size":171351},{"name":"framework-55f9575659d8fd7d60a0.js","size":128767},{"name":"94726e6d-fd30c491635ba44d9422.js","size":52261},{"name":"app-5ab99559ff3e46c7c0c4.js","size":193387}],"filteredAssets":0,"assetsSize":550254,"filteredAuxiliaryAssets":20,"auxiliaryAssetsSize":2671541},"component---src-pages-404-jsx":{"name":"component---src-pages-404-jsx","assets":[{"name":"component---src-pages-404-jsx-154aa16957e32629d294.js","size":1388}],"filteredAssets":0,"assetsSize":1388,"filteredAuxiliaryAssets":1,"auxiliaryAssetsSize":3901},"component---src-pages-apply-jsx":{"name":"component---src-pages-apply-jsx","assets":[{"name":"b637e9a5-3798b58d069e386aac9e.js","size":87308},{"name":"faf52deb5400872283f884f7c4206aa595e3877f-0a1c636c3b1bbc0da47e.js","size":12541},{"name":"6a9ce8aa35e84d2a3b00bc323d0128b18d318cd5-43932175ba0a05d918e4.js","size":15402},{"name":"c961a933179da963e6479ea115386b4d1d1fa440-486e9d847d1f9308be36.js","size":9283},{"name":"component---src-pages-apply-jsx-67c643f9d2459aef8de9.js","size":11817}],"filteredAssets":0,"assetsSize":136351,"filteredAuxiliaryAssets":5,"auxiliaryAssetsSize":667338},"component---src-pages-contact-jsx":{"name":"component---src-pages-contact-jsx","assets":[{"name":"b637e9a5-3798b58d069e386aac9e.js","size":87308},{"name":"faf52deb5400872283f884f7c4206aa595e3877f-0a1c636c3b1bbc0da47e.js","size":12541},{"name":"c961a933179da963e6479ea115386b4d1d1fa440-486e9d847d1f9308be36.js","size":9283},{"name":"component---src-pages-contact-jsx-8ac8ce36851b79161243.js","size":2658}],"filteredAssets":0,"assetsSize":111790,"filteredAuxiliaryAssets":4,"auxiliaryAssetsSize":577155},"component---src-pages-index-jsx":{"name":"component---src-pages-index-jsx","assets":[{"name":"faf52deb5400872283f884f7c4206aa595e3877f-0a1c636c3b1bbc0da47e.js","size":12541},{"name":"component---src-pages-index-jsx-b9e2ad56d6f89dc4afbd.js","size":4489}],"filteredAssets":0,"assetsSize":17030,"filteredAuxiliaryAssets":2,"auxiliaryAssetsSize":68899},"component---src-pages-networks-jsx":{"name":"component---src-pages-networks-jsx","assets":[{"name":"styles.fb36a53f6ae5ca339a13.css","size":171351},{"name":"faf52deb5400872283f884f7c4206aa595e3877f-0a1c636c3b1bbc0da47e.js","size":12541},{"name":"6a9ce8aa35e84d2a3b00bc323d0128b18d318cd5-43932175ba0a05d918e4.js","size":15402},{"name":"component---src-pages-networks-jsx-52a084c5cfd5810463b8.js","size":8222}],"filteredAssets":0,"assetsSize":207516,"filteredAuxiliaryAssets":18,"auxiliaryAssetsSize":1141819},"component---src-pages-pyramids-jsx":{"name":"component---src-pages-pyramids-jsx","assets":[{"name":"styles.fb36a53f6ae5ca339a13.css","size":171351},{"name":"faf52deb5400872283f884f7c4206aa595e3877f-0a1c636c3b1bbc0da47e.js","size":12541},{"name":"component---src-pages-pyramids-jsx-55a23d9684c14ef9573d.js","size":7670}],"filteredAssets":0,"assetsSize":191562,"filteredAuxiliaryAssets":17,"auxiliaryAssetsSize":1072346},"component---src-pages-story-jsx":{"name":"component---src-pages-story-jsx","assets":[{"name":"faf52deb5400872283f884f7c4206aa595e3877f-0a1c636c3b1bbc0da47e.js","size":12541},{"name":"component---src-pages-story-jsx-2d594c295c810e03f1e8.js","size":1630}],"filteredAssets":0,"assetsSize":14171,"filteredAuxiliaryAssets":2,"auxiliaryAssetsSize":63107}},"assetsByChunkName":{"app":["webpack-runtime-0f258ad5c0852fc13824.js","styles.fb36a53f6ae5ca339a13.css","framework-55f9575659d8fd7d60a0.js","94726e6d-fd30c491635ba44d9422.js","app-5ab99559ff3e46c7c0c4.js"],"component---src-pages-404-jsx":["component---src-pages-404-jsx-154aa16957e32629d294.js"],"component---src-pages-apply-jsx":["b637e9a5-3798b58d069e386aac9e.js","faf52deb5400872283f884f7c4206aa595e3877f-0a1c636c3b1bbc0da47e.js","6a9ce8aa35e84d2a3b00bc323d0128b18d318cd5-43932175ba0a05d918e4.js","c961a933179da963e6479ea115386b4d1d1fa440-486e9d847d1f9308be36.js","component---src-pages-apply-jsx-67c643f9d2459aef8de9.js"],"component---src-pages-contact-jsx":["b637e9a5-3798b58d069e386aac9e.js","faf52deb5400872283f884f7c4206aa595e3877f-0a1c636c3b1bbc0da47e.js","c961a933179da963e6479ea115386b4d1d1fa440-486e9d847d1f9308be36.js","component---src-pages-contact-jsx-8ac8ce36851b79161243.js"],"component---src-pages-index-jsx":["faf52deb5400872283f884f7c4206aa595e3877f-0a1c636c3b1bbc0da47e.js","component---src-pages-index-jsx-b9e2ad56d6f89dc4afbd.js"],"component---src-pages-networks-jsx":["styles.fb36a53f6ae5ca339a13.css","faf52deb5400872283f884f7c4206aa595e3877f-0a1c636c3b1bbc0da47e.js","6a9ce8aa35e84d2a3b00bc323d0128b18d318cd5-43932175ba0a05d918e4.js","component---src-pages-networks-jsx-52a084c5cfd5810463b8.js"],"component---src-pages-pyramids-jsx":["styles.fb36a53f6ae5ca339a13.css","faf52deb5400872283f884f7c4206aa595e3877f-0a1c636c3b1bbc0da47e.js","component---src-pages-pyramids-jsx-55a23d9684c14ef9573d.js"],"component---src-pages-story-jsx":["faf52deb5400872283f884f7c4206aa595e3877f-0a1c636c3b1bbc0da47e.js","component---src-pages-story-jsx-2d594c295c810e03f1e8.js"]},"childAssetsByChunkName":{}}