{"data":{"contentfulOurStoryPage":{"story":{"description":{"raw":"{\"data\":{},\"content\":[{\"data\":{},\"content\":[{\"data\":{},\"marks\":[],\"value\":\"The strong and stable future of any country stands on the\\nshoulders of its sustainable economy. It is with this belief that a group of\\ninvestors created 138 Pyramids, in a quest to build brand new companies, or as\\nwe like to call them, Pyramids, that have the same legacy as the 138 real\\nPyramids found in Egypt. 138 Pyramids, a development finance initiative aimed\\nat playing an active role in supporting the Egyptian economy and the startup\\nworld. 138 Pyramids seeks to enhance the development of the small and medium\\nEnterprise \\\"SME\\\" sector. The company seeks minority stake, in high\\nimpact businesses with high employment opportunities at early growth stages, to\\naccelerate their growth and unravel their true potential.\",\"nodeType\":\"text\"}],\"nodeType\":\"paragraph\"}],\"nodeType\":\"document\"}"},"storyPageImage":{"file":{"url":"//images.ctfassets.net/yfhqx8cf6nct/4u4OOcd3qTQ6xC0xuRkDTQ/b940e0cbda214d722c1325effb10a357/DSC04069.JPG"}}},"cards":[{"id":"d6be1eba-44c1-5190-9f3a-a9599ee74631","image":{"file":{"url":"//images.ctfassets.net/yfhqx8cf6nct/6wL3nsQb5a0xH2Xhwydhc8/501a07bfea6279be71e4ffac7cd33653/unsplash_U2BI3GMnSSE.jpg"}},"title":"Our Identity","description":{"raw":"{\"data\":{},\"content\":[{\"data\":{},\"content\":[{\"data\":{},\"marks\":[],\"value\":\"The inspiration for the name '138 Pyramids’\\r\\ncame from the number of Pharaonic\\r\\npyramid structures built in ancient Egypt, to symbolise advancement and\\r\\nsustainability. The pyramid structure was one of the most integral drivers for\\r\\nthe establishment of internal settlements, which positioned  Egypt among the very first estates in the\\r\\nworld. They also helped position Egypt as the land of economic growth which\\r\\nhelped cultivate new talents as well as learning and research opportunities.\",\"nodeType\":\"text\"}],\"nodeType\":\"paragraph\"}],\"nodeType\":\"document\"}"}},{"id":"979f361f-772d-5d7d-a74a-e9691aa6207b","image":{"file":{"url":"//images.ctfassets.net/yfhqx8cf6nct/5zEvzWENrNiMVYhNkd2Jw4/318b168bc239077a4bb3307e08a5b040/unsplash_RjqCk9MqhNg.jpg"}},"title":"Our Goals","description":{"raw":"{\"data\":{},\"content\":[{\"data\":{},\"content\":[{\"data\":{},\"marks\":[],\"value\":\"With that in mind, we are now proud to follow in the\\r\\nfootsteps of our ancestors and lead the way for Egyptian entrepreneurs to help\\r\\nbuild the future of Egypt together. A future built on start-ups and early stage\\r\\ngrowth companies in various industries. We pride ourselves on being a hybrid\\r\\nfinancial vehicle of venture capital and private equity. Our aim is to help\\r\\nentrepreneurs build and grow their business, allowing for more job\\r\\nopportunities as well as increased wealth to all stakeholders.\",\"nodeType\":\"text\"}],\"nodeType\":\"paragraph\"}],\"nodeType\":\"document\"}"}},{"id":"798fae22-8f5d-5055-af15-e7c4d9ac8ea3","image":{"file":{"url":"//images.ctfassets.net/yfhqx8cf6nct/1AX51S4BMFeGh87iX9Czc6/5995294392b95a693bb74e4bec31689a/unsplash_FlPc9_VocJ4.jpg"}},"title":"Our Values","description":{"raw":"{\"data\":{},\"content\":[{\"data\":{},\"content\":[{\"data\":{},\"marks\":[],\"value\":\"Like various venture capital firms, we have partners that\\r\\nhave vast experience, which has enabled the existence of this financial hybrid.\\r\\nOur partners are credible multinational and local conglomerates focusing on\\r\\nmaking an impact. While some venture capitals do not provide other business\\r\\ndevelopment support aid, 138 Pyramids helps you scale and validate your\\r\\nbusiness and market, by offering comprehensive support to early and growth\\r\\nstage companies through our management company, Delta Inspire.\",\"nodeType\":\"text\"}],\"nodeType\":\"paragraph\"}],\"nodeType\":\"document\"}"}},{"id":"cc61c505-c41e-5ac4-ad29-c833f6a3b098","image":{"file":{"url":"//images.ctfassets.net/yfhqx8cf6nct/5mxL4lO4npsDudtWriXk0c/f77a356df77286a4cc43da406eb6a9fa/unsplash_zEqkUMiMxMI.jpg"}},"title":"Our Strategy","description":{"raw":"{\"nodeType\":\"document\",\"data\":{},\"content\":[{\"nodeType\":\"paragraph\",\"content\":[{\"nodeType\":\"text\",\"value\":\"We are mostly partner-focused and are interested in their long-term success. This means that once you are named one of our pyramids, we make sure to provide the support needed moving forward.\\r\\n\\r\\nOur exit strategy is built around one goal: the timing that\\r\\nbest meets the mutual  interests  of  all\\r\\nstakeholders. The funding we provide is against ownership and is both cash and\\r\\nin-kind for services provided.\",\"marks\":[],\"data\":{}}],\"data\":{}}]}"}}]}}}