{"data":{"contentfulPyramidsPage":{"categories":[{"id":"e4a98c66-189d-5416-99eb-4c8f4af76af9","categoryName":"Fashion & Apparel","cards":[{"id":"15034cdf-d552-5d6a-87b3-c4f3d75a6c89","name":"Temraza","image":{"file":{"url":"//images.ctfassets.net/yfhqx8cf6nct/4SAmPHYNkfGUmiSdUzEPBy/240a76f563b60e5c90968b26f3fe3ae3/Temraza.jpg"},"title":"Temraza"},"description":{"raw":"{\"data\":{},\"content\":[{\"data\":{},\"content\":[{\"data\":{},\"marks\":[],\"value\":\"Is a high-end fashion design house. It has four main product lines: Haute Couture, Bridal, Ready-to-wear and Beach Wear.\",\"nodeType\":\"text\"}],\"nodeType\":\"paragraph\"}],\"nodeType\":\"document\"}"},"websiteLink":"https://temraza.com/","facebookLink":null,"instagramLink":"https://www.instagram.com/temraza/?hl=en"},{"id":"375a69bf-8984-592a-b121-7a9543b73e45","name":"Dockland","image":{"file":{"url":"//images.ctfassets.net/yfhqx8cf6nct/6T1h9Nx16WXSIO0g5fBVda/a28a042b48f8489cbe9b99071a50bc38/Dockland.jpg"},"title":"Dockland"},"description":{"raw":"{\"data\":{},\"content\":[{\"data\":{},\"content\":[{\"data\":{},\"marks\":[],\"value\":\"Dockland, established 30 years ago, provides\\nhigh quality men’s wear. The products are made with premium quality, superior\\nfabrics and an international fashion taste manufactured by local hands.\",\"nodeType\":\"text\"}],\"nodeType\":\"paragraph\"}],\"nodeType\":\"document\"}"},"websiteLink":"https://www.dockland.com.eg/","facebookLink":"https://www.facebook.com/dklnd/","instagramLink":null},{"id":"779e9054-1651-5ff4-9f64-cfa32e65a8e5","name":"Sakkara","image":{"file":{"url":"//images.ctfassets.net/yfhqx8cf6nct/ugRh4H2flyk82DKtVEUg9/8c2f70f39ecc35c9520d769f4c98b6ba/Sakkara.PNG"},"title":"Sakkara"},"description":{"raw":"{\"data\":{},\"content\":[{\"data\":{},\"content\":[{\"data\":{},\"marks\":[],\"value\":\"Made in Italy, by experts in the field, Sakkara\\nprovides equestrian apparel offering riders the comfort and confidence to excel\\nin any arena.\",\"nodeType\":\"text\"}],\"nodeType\":\"paragraph\"}],\"nodeType\":\"document\"}"},"websiteLink":"https://www.sakkaraequestrian.com/","facebookLink":"https://www.facebook.com/sakkaraequestrian/","instagramLink":"https://www.instagram.com/sakkaraequestrian/?hl=en"}]},{"id":"2425209e-20c3-5484-9c0c-c33631a10bf4","categoryName":"Food & Beverage","cards":[{"id":"e78d607a-36d4-5870-b0c9-d096e26718c1","name":"Feteera","image":{"file":{"url":"//images.ctfassets.net/yfhqx8cf6nct/2kwfM1fKpD8dljSox4ZxL9/4a06ab5a40d18ba647efc5a739f5d793/Feteera.png"},"title":"Feteera"},"description":{"raw":"{\"data\":{},\"content\":[{\"data\":{},\"content\":[{\"data\":{},\"marks\":[],\"value\":\"Feteera is an oriental pies brand with a vision\\nof revolutionizing the Egyptian traditional feteer into a globally craved gourmet\\nfood.\",\"nodeType\":\"text\"}],\"nodeType\":\"paragraph\"}],\"nodeType\":\"document\"}"},"websiteLink":null,"facebookLink":"https://www.facebook.com/Feteera/","instagramLink":"https://www.instagram.com/feteera/?hl=en"},{"id":"0ff51f67-4008-5222-9588-4e3da478c587","name":"Foool tank","image":{"file":{"url":"//images.ctfassets.net/yfhqx8cf6nct/vjN9WHbAGjvX1r2D90DQu/a3fbcd5d7eeaa76426facd1563b38994/Foool_Tank.jpg"},"title":"Foool Tank"},"description":{"raw":"{\"data\":{},\"content\":[{\"data\":{},\"content\":[{\"data\":{},\"marks\":[],\"value\":\"The Kitchen concept that presents traditional Egyptian\\nbreakfast with a twist. It also provides events catering service.\",\"nodeType\":\"text\"}],\"nodeType\":\"paragraph\"}],\"nodeType\":\"document\"}"},"websiteLink":null,"facebookLink":"https://www.facebook.com/foooltank/","instagramLink":"https://www.instagram.com/foooltank/?hl=en"},{"id":"64c2b0ff-0d50-56a6-8169-9d645b2c525d","name":"Batates and Zalabya","image":{"file":{"url":"//images.ctfassets.net/yfhqx8cf6nct/D14UH5nBOLvICbhXRGHGw/4fd42749a56bd63abf90e864989ab477/Batates_and_Zalabya.jpg"},"title":"Batates and Zalabya"},"description":{"raw":"{\"data\":{},\"content\":[{\"data\":{},\"content\":[{\"data\":{},\"marks\":[],\"value\":\"“The Happiness providers” are making and\\nserving live-cooked pleasure foods, mainly Zalabya and Potato Fries, with unique\\nsauces and dips. \",\"nodeType\":\"text\"}],\"nodeType\":\"paragraph\"}],\"nodeType\":\"document\"}"},"websiteLink":null,"facebookLink":"https://www.facebook.com/Batateszalabya/","instagramLink":"https://www.instagram.com/batateszalabya/?hl=en"}]},{"id":"b1d78beb-dc62-51a0-98ed-9437c41c3578","categoryName":"Services","cards":[{"id":"70cb65a8-68af-51b8-94f4-b169ac2e6095","name":"Total fix","image":{"file":{"url":"//images.ctfassets.net/yfhqx8cf6nct/15hdhlPTXTsy7pKol951Ft/08d5f4081f3c123d2814d1cc8eef0c0e/Total_fix.jpg"},"title":"Total fix"},"description":{"raw":"{\"data\":{},\"content\":[{\"data\":{},\"content\":[{\"data\":{},\"marks\":[],\"value\":\"Provides the best quality and the most\\nprofessional services in the field of facility management in Egypt. They are specialized\\nin two main lines of business: housekeeping and maintenance for both corporate\\nand residential spaces.\",\"nodeType\":\"text\"}],\"nodeType\":\"paragraph\"}],\"nodeType\":\"document\"}"},"websiteLink":"https://totalfixfm.com/","facebookLink":"https://www.facebook.com/totalfixsolutions/","instagramLink":null},{"id":"5745350e-1d6d-5017-aa7d-d928aacf91f0","name":"Shaghalni","image":{"file":{"url":"//images.ctfassets.net/yfhqx8cf6nct/2qT8MESACOFfTWufCHj37R/6983c0c5b4dc01b9abaa1e01ddaff333/Shaghalni.jpg"},"title":"Shaghalni"},"description":{"raw":"{\"nodeType\":\"document\",\"data\":{},\"content\":[{\"nodeType\":\"paragraph\",\"content\":[{\"nodeType\":\"text\",\"value\":\"Is a recruitment platform that connects blue\\nand grey collar job seekers to employers in need.\",\"marks\":[],\"data\":{}}],\"data\":{}}]}"},"websiteLink":"https://www.shaghalni.com/","facebookLink":"https://www.facebook.com/ShaghalniOfficial/","instagramLink":null},{"id":"e5d41799-87f3-5958-8b84-c6dcb958f312","name":"The Worx","image":{"file":{"url":"//images.ctfassets.net/yfhqx8cf6nct/Lc4Wx18cB4pSdiVGxp4aB/4d9ea337c0f36a6e3fd4cdf3674c4166/The_worx.png"},"title":"The worx"},"description":{"raw":"{\"nodeType\":\"document\",\"data\":{},\"content\":[{\"nodeType\":\"paragraph\",\"content\":[{\"nodeType\":\"text\",\"value\":\"Is an events management consultancy firm with\\nthree lines of business, mainly specialized in corporate events, conferences,\\ncontent creation and speakers’ management. They are also the team behind the\\nCreative Summit, which brings together creative minds from various fields every\\nyear.\",\"marks\":[],\"data\":{}}],\"data\":{}}]}"},"websiteLink":"https://theworx-emc.com/","facebookLink":"https://www.facebook.com/theworxemc/","instagramLink":null}]}],"websiteIcon":{"file":{"url":"//images.ctfassets.net/yfhqx8cf6nct/2jJ1DzONxCmD49ztvsbCIw/9b07d60d317828071f4ba0cb657750d3/world-wide-web.png"}},"instagramIcon":{"file":{"url":"//images.ctfassets.net/yfhqx8cf6nct/5i1fZzNQfD13lyZku4LHkY/898d8de303fe70f48f8f839a4bd53943/instagram.png"}},"facebookIcon":{"file":{"url":"//images.ctfassets.net/yfhqx8cf6nct/66deYtnFdK5nDW0NALn0uR/0c795d157dd40219e87f05e497e18e2f/facebook__1_.png"}}}}}