{"data":{"contentfulNetworkPage":{"boardMembers":[{"id":"93c0df10-f3ab-5271-a28b-767310392622","title":"NEVEEN EL TAHRI","image":{"file":{"url":"//images.ctfassets.net/yfhqx8cf6nct/6w4a0q3U0MsvWFkQ8t51nY/1eda8529dd20f1b5b5928527df043b35/image1.jpeg"},"title":"Neveen El Tahri"},"description":{"raw":"{\"nodeType\":\"document\",\"data\":{},\"content\":[{\"nodeType\":\"paragraph\",\"content\":[{\"nodeType\":\"text\",\"value\":\"A pioneer in the business world with more than 40 years of financial and business experience, Neveen El Tahri is a distinguished graduate of the Faculty of Economics & Political Science with a bachelor’s degree and is an Alumni of both Harvard Business School and London Business School with diplomas in business administration.\",\"marks\":[],\"data\":{}}],\"data\":{}},{\"nodeType\":\"paragraph\",\"content\":[{\"nodeType\":\"text\",\"value\":\" El Tahri began her career as a corporate banker with Chase Manhattan Bank's JV, now ‘CIB', where she last headed the Petroleum, Tourism and Electronics divisions. With the revival of the Egyptian Capital Market in 1994, she established one of the first brokerage firms 'Delta Securities Egypt’, EAB Delta Asset Management (later known as ABN AMRO Delta Asset Management), Delta Capital Investments, Delta Holding for Investments, Delta FinancialSolutions and Nuun Fund Services.\",\"marks\":[],\"data\":{}}],\"data\":{}},{\"nodeType\":\"paragraph\",\"content\":[{\"nodeType\":\"text\",\"value\":\" Neveen adjacently partnered with renowned financial institutions like American Express Bank and its local subsidiary EAB, which were both bought out by Dutch ABN AMRO Bank. The exit in 2006 was to Arab institutions; Mena Investments, Rasmala and finally AIC, a local listed private equity firm. In 2007, El Tahri sold most of her stakes in a number of her companies to focus on supporting the SME sector, to develop and embrace small and medium enterprises. She established ‘Delta Shield for Investment’, to focus on advising the family businesses, while ‘Delta Inspire’ was considered the specialized incubation/acceleration arm, managing ‘138 Pyramids’, the funding arm.\",\"marks\":[],\"data\":{}}],\"data\":{}},{\"nodeType\":\"paragraph\",\"content\":[{\"nodeType\":\"text\",\"value\":\"She was the first elected woman to sit on the board of directors of the Egyptian Stock Exchange, serving two consecutive terms from 1997 to 2003. She has sat on several private and public sector boards, including but not limited to the Board of Directors of Banque Misr, Telecom Egypt, General Authority for Investments “GAFI”, Suez Canal Development Project “SCZone” and head of the Investment Committee, Misr Capital Investments, Egyptian Financial Supervisory Authority “EFSA”, Export Development Bank “Representing Banque Misr Shares”, Director of Representative Office and Member of the Middle East Advisory Board of the Royal Bank of Scotland (RBS) (previously ABN AMRO). \",\"marks\":[],\"data\":{}}],\"data\":{}},{\"nodeType\":\"paragraph\",\"content\":[{\"nodeType\":\"text\",\"value\":\" In January 2021, El Tahri was appointed by H.E. the President of the Arab Republic of Egypt to be a Member of the 2021 Parliament “House of Representatives”.\",\"marks\":[],\"data\":{}}],\"data\":{}},{\"nodeType\":\"paragraph\",\"content\":[{\"nodeType\":\"text\",\"value\":\"In November 2021, El Tahri became a board member of Gezira Sporting Club.  \",\"marks\":[],\"data\":{}}],\"data\":{}},{\"nodeType\":\"paragraph\",\"content\":[{\"nodeType\":\"text\",\"value\":\"She continues to sit on the boards of: Egypt Sovereign Fund, BM Leasing, ‘Orange Egypt’, CI Capital Holding, Raya Holding, Arab Moltaqa for Investments, Hassan Allam Holding, Al Baraka Group for Investments, Nasser Social Bank, the first Egyptian Stock Exchange Union, Jewelry of Egypt (Azza Fahmy), the AUC Dean’s Strategic Advisory Board, Ajman University’s advisory board and also on top of other non-profit organizations like INJAZ Egypt and foreign entities such as OECD MENA Women’s Business Forum (Co-Chair) and YPO-WPO. \",\"marks\":[],\"data\":{}}],\"data\":{}},{\"nodeType\":\"paragraph\",\"content\":[{\"nodeType\":\"text\",\"value\":\"El Tahri was nominated and won numerous local and international awards, including but not limited to, one of the ten awards issued by the Egyptian Ministry of Investment, on International Women's Day in March, for having positively contributed to the investment environment of Egypt. She was also awarded Best Businesswoman in Egypt, “Corporate Women in Egypt” by the American Chamber of Commerce in Cairo in December 2013. She was named by ‘Financial Times’ as one of the leading businesswomen in the Arab World, twice. She was also nominated by Forbes Middle East magazine as one of the 200 most powerful businesswomen in the Middle East in 2014.\",\"marks\":[],\"data\":{}}],\"data\":{}}]}"}},{"id":"62c6f475-2e55-500b-aa6e-bfebb92bd0c0","title":"MONA GALAL","image":{"file":{"url":"//images.ctfassets.net/yfhqx8cf6nct/BmHRJQ9cBCbhgYLOLmDM6/b24491ab95f7d0cf0cc69172a5d464cb/image2.jpeg"},"title":"Mona Galal"},"description":{"raw":"{\"nodeType\":\"document\",\"data\":{},\"content\":[{\"nodeType\":\"paragraph\",\"content\":[{\"nodeType\":\"text\",\"value\":\"Mona Galal is a valued member of the Chase National Bank of Egypt,’CIB', family for over 35 years. During her tenure, she has taken on various responsibilities like branch management & operational network, corporate banking and more recently as Strategic Relations Group Head. She also handled the CIB Strategic Client Portfolio management, compromising of diplomatic missions , donor agencies, multinational NGOs and reputed development agencies.\",\"marks\":[],\"data\":{}}],\"data\":{}},{\"nodeType\":\"paragraph\",\"content\":[{\"nodeType\":\"text\",\"value\":\"Mona is a team member on a number of local IT and telecom corporate deals, advising Telecom Egypt on its IPO structure and implementation procedures and advising on Egyptian General Petroleum Corporation ‘EGPC’ privatization proposal. ABN Amro Delta, Asset Management and Head of Corporate Finance Mona is member of the Advisory Board of the Institute of Cultural Affairs ‘ICA’, a private non-profit development organization aimed to improve the quality of life in rural communities.\",\"marks\":[],\"data\":{}}],\"data\":{}},{\"nodeType\":\"paragraph\",\"content\":[{\"nodeType\":\"text\",\"value\":\"She's a valued Alumni of The American University in Cairo.\",\"marks\":[],\"data\":{}}],\"data\":{}}]}"}},{"id":"32d15c71-d983-55c1-832b-8e3f1b597678","title":"AHMED DARWISH","image":{"file":{"url":"//images.ctfassets.net/yfhqx8cf6nct/3xvCqUKJk5ydu780Yysr9h/4ed5e50fcdb208ca90ec3e2688a67e67/image3.jpeg"},"title":"Ahmed Darwish"},"description":{"raw":"{\"nodeType\":\"document\",\"data\":{},\"content\":[{\"nodeType\":\"paragraph\",\"content\":[{\"nodeType\":\"text\",\"value\":\"Dr. Darwish received his Ph.D. in Computer Engineering from the University of California, Davis in 1988. He has received a number of awards, among which are The Egyptian National Engineering Award (1999), Singapore Middle East Eminent Persons Award (2007) and the Life Time Achievement Medal for his distinguished career from University of California, Davis (2017).\",\"marks\":[],\"data\":{}}],\"data\":{}},{\"nodeType\":\"paragraph\",\"content\":[{\"nodeType\":\"text\",\"value\":\"His last two public positions were as Minister of State for Administration Development (2004-2011) with a portfolio of eGov, Institutional Development and Governance and Chairman of the Suez Canal economic zone (2015-2017) where he laid the foundation for one of the largest special economic zones in the world (461sq km and 6 ports). His consultation work is in governance, policies and strategies, business and financial models as well as information and communication technologies. He is also a consultant to a number of international organizations like UNDP, UNIDO, UNESCO, FAO, ESCWA, European Union and World Bank, as well as government organizations and companies in Egypt, Middle East, Africa, Europe and The United States.\",\"marks\":[],\"data\":{}}],\"data\":{}}]}"}},{"id":"26457b36-4931-54d4-bd19-2ef883fa54bf","title":"SHERIF KAMEL","image":{"file":{"url":"//images.ctfassets.net/yfhqx8cf6nct/4FQpYayA5cYi0FB6Ivpbr9/da0d00b95fa776b1a3bf68ec65339992/image4.jpeg"},"title":"Sherif Kamel"},"description":{"raw":"{\"nodeType\":\"document\",\"data\":{},\"content\":[{\"nodeType\":\"paragraph\",\"content\":[{\"nodeType\":\"text\",\"value\":\"A professor of management, dean of the school of business at the American University in Cairo ‘AUC’, and president of the board of governors of the American Chamber of Commerce in Egypt. Prior to that, Dr. Kamel, was a senior advisor for strategic planning to the president and vice president of information management at AUC. Before joining AUC, he was the director of The Regional Information Technology Institute. Before that, he managed the training department of the Cabinet of Egypt Information and Decision Support Center.\",\"marks\":[],\"data\":{}}],\"data\":{}},{\"nodeType\":\"paragraph\",\"content\":[{\"nodeType\":\"text\",\"value\":\"Dr. Kamel holds a Ph.D. in information systems from the London School of Economics and Political Science, an MBA, a B.A. in business administration, and an M.A. in Islamic art and architecture from The American University in Cairo.\",\"marks\":[],\"data\":{}}],\"data\":{}},{\"nodeType\":\"paragraph\",\"content\":[{\"nodeType\":\"text\",\"value\":\"He is an Eisenhower Fellow, the co-chair of the board of stewards of the African Women Entrepreneurship Cooperative and is an independent non-executive board member of Raya Holdings for Financial Investments and 138 Pyramids. He is also a member of the Egypt-U.S.Business Council, and a founding member of the Internet Society of Egypt. He was a board member of the Egyptian American Enterprise Fund, member of the World Bank Knowledge Advisory Commission and Chairman of the Cheyening Association in Egypt. His research and teaching interests include digital transformation, information technology transfer to developing nations, decision support systems, and entrepreneurship. His work is published in information systems and management journals, books and magazines. He is the author of the ‘Nile View’ article series.\",\"marks\":[],\"data\":{}}],\"data\":{}}]}"}},{"id":"c2bbc79b-e72a-50f6-84f6-16cd42b040c1","title":"RANDA ABDOU","image":{"file":{"url":"//images.ctfassets.net/yfhqx8cf6nct/3IGk5hyGlmpQgxdeyJGqNa/7b48ad263b835f53b1262155265ff92b/image5.jpeg"},"title":"Randa Abdou "},"description":{"raw":"{\"nodeType\":\"document\",\"data\":{},\"content\":[{\"nodeType\":\"paragraph\",\"content\":[{\"nodeType\":\"text\",\"value\":\"Randa I. Abdou is the founder, CEO & Chief Strategist of Marketing Mix Consultancy with practical, hands on, experience with more than 80 brands in different marketing and communication capacities since 1988.\",\"marks\":[],\"data\":{}}],\"data\":{}},{\"nodeType\":\"paragraph\",\"content\":[{\"nodeType\":\"text\",\"value\":\"Following the establishment of Marketing Mix Consultancy in 1996, Randa co-founded Creative Lab Advertising in 2001 followed by 60Forty Advertising in 2019. In February 2020 Randa was named among the Top 50 Most Influential women in Egypt by ‘Amwal El Ghad’ and in April 2015, she was granted the Distinguished Alumni Award by the American University in Cairo for her career achievements. She was also previously recognized in 2007 by the Ministry of Investment, among 10 other Egyptian business women, for her positive contribution to the Egyptian economy.\",\"marks\":[],\"data\":{}}],\"data\":{}},{\"nodeType\":\"paragraph\",\"content\":[{\"nodeType\":\"text\",\"value\":\"Before her entrepreneurial endeavours, Randa was the Marketing Manager of PepsiCo Foods Egypt (Frito Lay) and achieved 'Very High Potential Rating’, something granted back then to only 5% of PepsiCo employees worldwide. Previous to PepsiCo, Randa was the Market Research Planning Manager of P&G Egypt and had started her career as an account executive at Americana Advertising.\",\"marks\":[],\"data\":{}}],\"data\":{}},{\"nodeType\":\"paragraph\",\"content\":[{\"nodeType\":\"text\",\"value\":\"Randa holds a BA in Mass Communication (with honors) from the American University in Cairo '88 and as a Chevening scholar, earned her Master of Science in International Marketing from University of Strathclyde, Scotland ’91.\",\"marks\":[],\"data\":{}}],\"data\":{}}]}"}},{"id":"99abe258-46cd-5b57-baaf-29d8df541a96","title":"IHAB SALEH","image":{"file":{"url":"//images.ctfassets.net/yfhqx8cf6nct/4Dfhgm6AKebtew00SjtIpd/de27275462dbb24d87b7b775b6368082/image6.jpeg"},"title":"Ihab Saleh"},"description":{"raw":"{\"nodeType\":\"document\",\"data\":{},\"content\":[{\"nodeType\":\"paragraph\",\"content\":[{\"nodeType\":\"text\",\"value\":\"The current Strategic Planning Officer at Gemini Holding since January 2019, Mr. Ihab Saleh has over twenty years of venture capital M&A, strategy and business development experience. This experience is complemented by rigorous studies and qualifications.\",\"marks\":[],\"data\":{}}],\"data\":{}},{\"nodeType\":\"paragraph\",\"content\":[{\"nodeType\":\"text\",\"value\":\"His career started in 1997 at the Egyptian American Bank and has since held different roles in Orascom Telecom Holding, SHUAA capital Dubai, and GEMS Education Dubai. Ihab has also held the role of Chief Investment Officer at Energya Industries, Founding Partner and board member at Equicorp Advisors, Chief Executive officer at O-Media Holdings, Chief Executive Officer at ONTV and Chairman & Chief Executive Officer at iProductions prior to his current role.\",\"marks\":[],\"data\":{}}],\"data\":{}},{\"nodeType\":\"paragraph\",\"content\":[{\"nodeType\":\"text\",\"value\":\"He is currently a board member of companies like PromoMedia, ONA news agency, Euronews, Masrawy, Gemini Media, BLOM Asset Management, Summit Technology Systems, SETA Textiles, Delta Inspire and 138 Pyramids.\",\"marks\":[],\"data\":{}}],\"data\":{}}]}"}},{"id":"8cda7e2b-de21-58e4-91b1-db0b7cadd870","title":"SEIF EL DIN AWNI","image":{"file":{"url":"//images.ctfassets.net/yfhqx8cf6nct/35eMedB9Rh6CLFMTeSiIFO/beb7ffe5215c9a9f441bf6fa567c4ae7/image7.jpeg"},"title":"Seif El Din Awni "},"description":{"raw":"{\"nodeType\":\"document\",\"data\":{},\"content\":[{\"nodeType\":\"paragraph\",\"content\":[{\"nodeType\":\"text\",\"value\":\"Seif Eldin Awni is the Managing Director of branches for Wedian securities Brokerage Company. He serves as a Non-Executive Director and Investment Committee member in ‘Post for Investment’ or PFI, a financial investment company. He is also a Non-Executive Director and Audit Committee Member in the Egyptian Investor Protection Fund-EIPF-supervised by EFSA, as well a training consultant for the IFC-International Finance Corporation-World Bank.\",\"marks\":[],\"data\":{}}],\"data\":{}},{\"nodeType\":\"paragraph\",\"content\":[{\"nodeType\":\"text\",\"value\":\"Seif Eldin holds a B.A. in Business Administration from, Cairo University, as well as an MBA from the German University in Cairo in Finance and Investment.\",\"marks\":[],\"data\":{}}],\"data\":{}}]}"}},{"id":"c4f7da03-c46a-5bc5-8146-1a3fc0ad2aa5","title":"ALAA HASSOUBA","image":{"file":{"url":"//images.ctfassets.net/yfhqx8cf6nct/4wABGHXYzcoWIDxljOBJvI/48143afa72f9ce3bd9e74c3fba5c7fac/image8.png"},"title":"Alaa Hassouba "},"description":{"raw":"{\"nodeType\":\"document\",\"data\":{},\"content\":[{\"nodeType\":\"paragraph\",\"content\":[{\"nodeType\":\"text\",\"value\":\"Alaa Mahmoud Hassoubah is the CEO of Saudi Foras Investment Company, a closed joint stock company, based in Jeddah, Saudi Arabia. Foras aims to enhance and support innovative and talented Saudi entrepreneurs as well as promising enterprises, by securing the right funding, supplementing managerial capabilities, and softening any cumbersome regulatory procedures.\",\"marks\":[],\"data\":{}}],\"data\":{}},{\"nodeType\":\"paragraph\",\"content\":[{\"nodeType\":\"text\",\"value\":\"He has over 20 years of diverse experience in financial, public and private sectors in both KSA and the Middle East. Throughout his career, he has experience in a broad spectrum of industries including real estate, hospitality, travel, tourism and financial services. He also acquired extensive experience in banking solutions throughout his 10 years experience in both private banking and investment. He currently sits on the board of many local companies like: Foras Mining Company Ejada Company Beyti Express Company Al Masfaq Saudi Development Company Provinces Development Company Rowad Development & Real Estate Investment Company Wej Investment & Development Company. He is also on the board of international companies like: Dara trading Company, Dubai Foras Investment Company, Egypt Saudi Jusoor Investment Company, Delta-Inspire Company, Egypt.\",\"marks\":[],\"data\":{}}],\"data\":{}},{\"nodeType\":\"paragraph\",\"content\":[{\"nodeType\":\"text\",\"value\":\"He graduated from King Abdul Aziz University in Jeddah, Saudi Arabia, with a BA in English literature.\",\"marks\":[],\"data\":{}}],\"data\":{}}]}"}},{"id":"91c49eec-6be2-5e28-b888-b454a720d507","title":"YOUSSEF ASSAD","image":{"file":{"url":"//images.ctfassets.net/yfhqx8cf6nct/4OBQgsrAoqsGdE28YxSQXU/214918233a5f29dcc06cf824bb86f93b/image9.jpeg"},"title":"Youssef Assad"},"description":{"raw":"{\"nodeType\":\"document\",\"data\":{},\"content\":[{\"nodeType\":\"paragraph\",\"content\":[{\"nodeType\":\"text\",\"value\":\"Assad is the CEO of SHAN Investment Company and is the Founder & CEO of Engage Ads Egypt. He is the Country Manager for Nabd (نبض) as well as the Digital Sales Director for Promomedia. He was the Digital Media Director for Future Media Company “Digicom” (March 2014 – July 2014), the IT Director & Digital Sales Manager at Adline Media Network Egypt (2010-2014) and the Engineering Projects Manager for ART (Arab Media Corporation AMC) (2004-2010).\",\"marks\":[],\"data\":{}}],\"data\":{}},{\"nodeType\":\"paragraph\",\"content\":[{\"nodeType\":\"text\",\"value\":\"Prior to that, Youssef was a computer science TA, lab instructor and grader for the Modern Sciences and Arts University MSA (2002-2003).\",\"marks\":[],\"data\":{}}],\"data\":{}},{\"nodeType\":\"paragraph\",\"content\":[{\"nodeType\":\"text\",\"value\":\"He holds a Bachelor of Science from Modern Science and Arts University in Computer Science & Software Engineering.\",\"marks\":[],\"data\":{}}],\"data\":{}}]}"}},{"id":"1bb34669-d062-586a-b385-06d98f69fba6","title":"MOHAMED SHAWKY","image":{"file":{"url":"//images.ctfassets.net/yfhqx8cf6nct/4Ku6dkUeDf5rZcrcYI1BWH/fc5c121dc1651b4393d8be4f842f705d/image10.jpeg"},"title":"Mohamed Shawky"},"description":{"raw":"{\"nodeType\":\"document\",\"data\":{},\"content\":[{\"nodeType\":\"paragraph\",\"content\":[{\"nodeType\":\"text\",\"value\":\"The current head of the operations in Gemini Holding, Mohamed brings a strong operations and strategic experience having worked for both holding companies as well as subsidiaries.\",\"marks\":[],\"data\":{}}],\"data\":{}},{\"nodeType\":\"paragraph\",\"content\":[{\"nodeType\":\"text\",\"value\":\"Mohamed joined Orascom Telecom Holding (OTH) in 2004 after having worked at the marketing department of MobiNil in the one of the most successful Egyptian telecom brands “ALO”.  Mohamed also held a number of senior managerial positions in OTH including Operations Control for operators in DRC, Italy, Greece, Bangladesh and Tunisia, working on commercial and strategic performance management.\",\"marks\":[],\"data\":{}}],\"data\":{}},{\"nodeType\":\"paragraph\",\"content\":[{\"nodeType\":\"text\",\"value\":\"In 2009, with Wind Italy, Mohamed oversaw a number of key projects including the relaunch of the postpaid segment. In 2012, Mohamed relocated as the VP Commercial for western Canada with Wind Mobile & Operations Performance Director with Vimpelcom in Amsterdam.\",\"marks\":[],\"data\":{}}],\"data\":{}},{\"nodeType\":\"paragraph\",\"content\":[{\"nodeType\":\"text\",\"value\":\"He received his BA in Telecommunications Engineering as well as his MBA from The Arab Academy for Science and Technology “AAST”.\",\"marks\":[],\"data\":{}}],\"data\":{}}]}"}},{"id":"ff068eb9-4020-5e46-a829-53482bd6af98","title":"Ahmed Mahmoud Abdullah","image":{"file":{"url":"//images.ctfassets.net/yfhqx8cf6nct/30xqzPxunw1XNsy778xXwe/396e4d772ca48607682627aea463785e/6EA2442A-0F3C-4D94-9026-6BA11A768238.jpg"},"title":"6EA2442A-0F3C-4D94-9026-6BA11A768238"},"description":{"raw":"{\"data\":{},\"content\":[{\"data\":{},\"content\":[{\"data\":{},\"marks\":[],\"value\":\"With more than 22 years of experience in banking and\\nfinancial management, Islamic as well as conventional, Mr.Ahmed Mahmoud\\nAbdullah is a highly qualified Executive Manager. A results-oriented team\\nplayer with proven ability to establish new financial entities and create\\nturnaround for financially troubled companies. Known for leading of development\\nand implementation of highly strategic plans, as well as anticipating and\\nproactively responding to industry trends. He is also well versed in\\nidentifying and resolving problems as well as controlling costs. He has a\\ntalent for business development, building business relationships and is also\\nable to handle Board of Directors functions.\",\"nodeType\":\"text\"}],\"nodeType\":\"paragraph\"},{\"data\":{},\"content\":[{\"data\":{},\"marks\":[],\"value\":\"From the year 2006 to our current day, Mr.Abdullah has\\nconducted more than 20 transactions in several sectors including, but not\\nlimited to, healthcare, education, banking, insurance, real estate, just to\\nname a few. The total value of these transactions exceeds USD 5B. \\n\\nMr. Abdalla is specialized in turnaround, difficult\\nassets restructuring, turnaround and recovering the investment funds. Since 2010 Mr. Abdalla has achieved more\\nthan 1.7 times the return on his PE portfolio to this day. He is the current\\nSenior Director/Vice President of Global Capital Management, Kuwait.\\n\\n\",\"nodeType\":\"text\"}],\"nodeType\":\"paragraph\"}],\"nodeType\":\"document\"}"}}],"teamSection":{"title":"The management company","logo":{"file":{"url":"//images.ctfassets.net/yfhqx8cf6nct/2AdmCRq8PFDelCMQI9HLpj/e28d92f9924503f66e05bfea0cf74091/Delta_Inspire__1_.png"}},"link":{"text":"Check the team","url":"https://delta-inspire.org/#team"},"description":{"description":"Delta Inspire is a management firm that plays an active role in supporting Egyptian entrepreneurs"}}}}}