{"data":{"allContentfulContactPage":{"nodes":[{"description":{"raw":"{\"data\":{},\"content\":[{\"data\":{},\"content\":[{\"data\":{},\"marks\":[],\"value\":\"Location: 31 Geziret Al Arab , Mohandessin, Giza Governorate\\r\\n\",\"nodeType\":\"text\"},{\"data\":{\"uri\":\"https://www.google.com/maps/place/138+Pyramids/@30.0577346,31.2206062,17z/data=!4m12!1m6!3m5!1s0x145841a4fae17ad1:0x84ba487f5b737a9c!2s138+Pyramids!8m2!3d30.0577967!4d31.2228309!3m4!1s0x145841a4fae17ad1:0x84ba487f5b737a9c!8m2!3d30.0577967!4d31.2228309\"},\"content\":[{\"data\":{},\"marks\":[],\"value\":\"138 Pyramids - Google Maps\",\"nodeType\":\"text\"}],\"nodeType\":\"hyperlink\"},{\"data\":{},\"marks\":[],\"value\":\"\",\"nodeType\":\"text\"}],\"nodeType\":\"paragraph\"}],\"nodeType\":\"document\"}"},"phones":{"raw":"{\"data\":{},\"content\":[{\"data\":{},\"content\":[{\"data\":{},\"marks\":[{\"type\":\"bold\"}],\"value\":\"T: +202 3347 2180 \",\"nodeType\":\"text\"},{\"data\":{},\"marks\":[{\"type\":\"bold\"}],\"value\":\"/ \",\"nodeType\":\"text\"},{\"data\":{},\"marks\":[{\"type\":\"bold\"}],\"value\":\"+202 3347 2138\",\"nodeType\":\"text\"}],\"nodeType\":\"paragraph\"},{\"data\":{},\"content\":[{\"data\":{},\"marks\":[{\"type\":\"bold\"}],\"value\":\"\",\"nodeType\":\"text\"}],\"nodeType\":\"paragraph\"}],\"nodeType\":\"document\"}"},"socialLinks":[{"link":"https://www.facebook.com/138pyramids/","name":"Facebook","id":"de08d4f6-7f83-5efa-ba5b-3651f1d5837b","icon":{"file":{"url":"//images.ctfassets.net/yfhqx8cf6nct/2BcfJVIS5QlS0Re1eIEAs6/9482f894cc1fb9ae098374e9b905a8f6/facebook-f-brands.svg"},"title":"facebook icon"}},{"link":"https://www.linkedin.com/company/138-pyramids/?originalSubdomain=eg","name":"Linkedin","id":"375d900c-eda5-55ed-a748-5e21019fffda","icon":{"file":{"url":"//images.ctfassets.net/yfhqx8cf6nct/3gspFG0KxVBniOSwhfSiix/cb42b4fd15169b9546a0dec45e79e58f/linkedin.png"},"title":"linkedin"}},{"link":"mailto:info@138pyramids.com","name":"Google","id":"274b6fd3-0af2-5574-861d-394e2b2ede5c","icon":{"file":{"url":"//images.ctfassets.net/yfhqx8cf6nct/5CRuwiko2lLSkrjOffK176/b7daab418ce79a72a49a24aad11c1043/google-brands.svg"},"title":"google icon"}}]}]}}}