{"data":{"contentfulOurStory":{"description":{"raw":"{\"data\":{},\"content\":[{\"data\":{},\"content\":[{\"data\":{},\"marks\":[],\"value\":\"The strong and stable future of any country stands on the\\nshoulders of its sustainable economy. It is with this belief that a group of\\ninvestors created 138 Pyramids, in a quest to build brand new companies, or as\\nwe like to call them, Pyramids, that have the same legacy as the 138 real\\nPyramids found in Egypt. 138 Pyramids, a development finance initiative aimed\\nat playing an active role in supporting the Egyptian economy and the startup\\nworld. 138 Pyramids seeks to enhance the development of the small and medium\\nEnterprise \\\"SME\\\" sector. The company seeks minority stake, in high\\nimpact businesses with high employment opportunities at early growth stages, to\\naccelerate their growth and unravel their true potential.\",\"nodeType\":\"text\"}],\"nodeType\":\"paragraph\"}],\"nodeType\":\"document\"}"},"homePageImage":{"file":{"url":"//images.ctfassets.net/yfhqx8cf6nct/6oEiZDqCIeJCWD4bV8PL6m/2b799e0d82fc689898ab5c67b6bd75db/Our_story_pic.jpg"}}},"allContentfulHomePage":{"nodes":[{"heroImage":{"title":"- Web landing - Round","file":{"url":"//images.ctfassets.net/yfhqx8cf6nct/6BgFHIqVcmvwwXvMOqVnxL/1e7b3066fc7689e0cfc1eadebc5cafcd/-_Web_landing_-_Round_.svg.png"}},"offerings":[{"id":"a8ec6005-84e6-5fb7-b135-aaec9fa3702b","title":"Team & Mentors","description":{"description":"We ﬁrmly believe that our team of highly skilled individuals prominently differentiates the experience we offer our portfolio companies. Our team enjoys sharing expertise in business development, market strategies and ﬁnancial analysis, in addition to being highly capable of identifying industry outlooks, evaluating industry attractiveness and assisting with mergers and acquisitions."},"icon":{"file":{"url":"//images.ctfassets.net/yfhqx8cf6nct/6M63OSuZlFckxJuFa759T6/a55336de500ba6a27ff11471547b46d6/Team.png"},"id":"8adfe61b-4f0b-53c1-ab28-1eff82271d13"}},{"id":"e34eed63-a8b3-57f5-9648-2ccd87fa2c34","title":"Networks","description":{"description":"We leverage on our networks and relationships to give our companies unmatched abilities to get introduced to potential business partners, create solid customer bases and recruit employees to help grow our companies."},"icon":{"file":{"url":"//images.ctfassets.net/yfhqx8cf6nct/3HMcxyGSQDhElG0qWZjmrN/2a20c95ffd56c45d072f3d572eaa6c9f/Networks.png"},"id":"02d83f49-9136-5181-b339-0bacd5388be1"}},{"id":"dffacfd1-7c46-59f3-9a40-1c021eecd2ed","title":"Funding","description":{"description":"SMEs often face a signiﬁcant problem with raising funds and are less likely to be able to obtain bank loans than larger firms, which stops them from growing and fully exploiting profitable investment opportunities. We exist to fill that funding gap to help them secure the capital needed to continue moving forward in exchange for minor equity."},"icon":{"file":{"url":"//images.ctfassets.net/yfhqx8cf6nct/E73hv1mUe5i2nqVp9lstf/51bd90e9fb45cd502393bc1c0df74d05/Funding.png"},"id":"d4090ce6-50eb-55e8-ae98-38ce064edb3f"}},{"id":"0880fdfc-d1ad-5c4f-b9cc-ec0f34466698","title":"Complementing Services","description":{"description":"Start-ups often face accounting issues that hinder their performance; thus, we are keen to connect our companies with accounting experts to put them on the right track. Other services that we offer include strategic and financial planning, corporate governance guidance , HR advice and financial analysis for existing companies we help make them easily investible and credit worthy."},"icon":{"file":{"url":"//images.ctfassets.net/yfhqx8cf6nct/5S6kXN6wmimwUzHLTOY19J/c210ec11947ffa08e9f752b7af151c62/Complementing_Services.png"},"id":"f22c2d11-2f85-5d95-a313-7a139ab15cff"}}],"footer":{"footer":"Seeking a partner to\nhelp you realize\nyour vision."}}]}}}