{"data":{"contentfulInvestmentCriteria":{"investmentCriteriaItems":[{"id":"f0b2f9d2-a290-5914-a8cb-a8e87a8cc277","title":"TEAM","details":{"raw":"{\"nodeType\":\"document\",\"data\":{},\"content\":[{\"nodeType\":\"paragraph\",\"content\":[{\"nodeType\":\"text\",\"value\":\"Strong management team 2 dedicated partners At least one technical domain expert Egyptian citizens\",\"marks\":[],\"data\":{}}],\"data\":{}}]}"}},{"id":"67510bb9-317c-5fff-aa6c-5a51cd3e81c9","title":"BUSINESS STRUCTURE","details":{"raw":"{\"nodeType\":\"document\",\"data\":{},\"content\":[{\"nodeType\":\"paragraph\",\"data\":{},\"content\":[{\"nodeType\":\"text\",\"value\":\"Clear Business Strategy.\",\"marks\":[],\"data\":{}}]},{\"nodeType\":\"paragraph\",\"data\":{},\"content\":[{\"nodeType\":\"text\",\"value\":\"Clear understanding of the market.\",\"marks\":[],\"data\":{}}]},{\"nodeType\":\"paragraph\",\"data\":{},\"content\":[{\"nodeType\":\"text\",\"value\":\"Scalability.\",\"marks\":[],\"data\":{}}]},{\"nodeType\":\"paragraph\",\"data\":{},\"content\":[{\"nodeType\":\"text\",\"value\":\"Creation of employment opportunities.\",\"marks\":[],\"data\":{}}]}]}"}},{"id":"63ff0b4a-a39a-566c-8235-bc30817218cf","title":"STAGE","details":{"raw":"{\"nodeType\":\"document\",\"data\":{},\"content\":[{\"nodeType\":\"paragraph\",\"content\":[{\"nodeType\":\"text\",\"value\":\"More than 2 years proven track record.\\nAnnual revenues of more than EGP 5 M.\",\"marks\":[],\"data\":{}}],\"data\":{}}]}"}}]}}}